出席番号	名前	ふりがな
2101	佐藤 蓮	さとう れん
2102	鈴木 陽葵	すずき ひまり
2103	高橋 湊	たかはし みなと
2104	田中 結菜	たなか ゆいな
2105	伊藤 蒼	いとう あおい
2106	渡辺 凛	わたなべ りん
2107	山本 樹	やまもと いつき
2108	中村 芽依	なかむら めい
2109	小林 陽翔	こばやし はると
2110	加藤 咲良	かとう さくら
2111	吉田 大翔	よしだ ひろと
2112	山田 莉子	やまだ りこ
2113	佐々木 悠真	ささき ゆうま
2114	松本 葵	まつもと あおい
2115	井上 陽太	いのうえ ようた
2116	木村 紬	きむら つむぎ
2117	林 朝陽	はやし あさひ
2118	清水 結衣	しみず ゆい
2119	山崎 颯太	やまざき そうた
2120	池田 澪	いけだ みお
2121	阿部 新	あべ あらた
2122	橋本 詩	はしもと うた
2123	森 律	もり りつ
2124	石川 結月	いしかわ ゆづき
2125	中島 大和	なかじま やまと
2126	前田 杏	まえだ あん
2127	藤田 悠斗	ふじた ゆうと
2128	岡田 凛花	おかだ りんか
2129	後藤 湊斗	ごとう みなと
2130	長谷川 楓	はせがわ かえで
2131	村上 蓮介	むらかみ れんすけ
2132	石井 さな	いしい さな
2133	近藤 壮介	こんどう そうすけ
2134	坂本 いろは	さかもと いろは
2135	遠藤 碧人	えんどう あおと
2136	藤井 ひなた	ふじい ひなた
2137	青木 瑛太	あおき えいた
2138	西村 凪咲	にしむら なぎさ
2139	福田 陸斗	ふくだ りくと
2140	三浦 あかり	みうら あかり